1,1,disponible
1,2,disponible
1,3,disponible
1,4,disponible
1,5,disponible
1,6,disponible
1,7,disponible
1,8,disponible
1,9,disponible
1,10,disponible
1,11,disponible
1,12,disponible
1,13,disponible
1,14,disponible
1,15,disponible
1,16,disponible
1,17,disponible
1,18,disponible
1,19,disponible
1,20,disponible
1,21,disponible
1,22,disponible
1,23,disponible
1,24,disponible
1,25,disponible
1,26,disponible
1,27,disponible
1,28,disponible
1,29,disponible
1,30,disponible
1,31,disponible
1,32,disponible
1,33,disponible
1,34,disponible
1,35,disponible
1,36,disponible
1,37,disponible
1,38,disponible
1,39,disponible
1,40,disponible
1,41,disponible
1,42,disponible
1,43,disponible
1,44,disponible
1,45,disponible
1,46,disponible
1,47,disponible
1,48,disponible
1,49,disponible
1,50,disponible
2,1,disponible
2,2,disponible
2,3,disponible
2,4,disponible
2,5,disponible
2,6,disponible
2,7,disponible
2,8,disponible
2,9,disponible
2,10,disponible
2,11,disponible
2,12,disponible
2,13,disponible
2,14,disponible
2,15,disponible
2,16,disponible
2,17,disponible
2,18,disponible
2,19,disponible
2,20,disponible
2,21,disponible
2,22,disponible
2,23,disponible
2,24,disponible
2,25,disponible
2,26,disponible
2,27,disponible
2,28,disponible
2,29,disponible
2,30,disponible
2,31,disponible
2,32,disponible
2,33,disponible
2,34,disponible
2,35,disponible
2,36,disponible
2,37,disponible
2,38,disponible
2,39,disponible
2,40,disponible
2,41,disponible
2,42,disponible
2,43,disponible
2,44,disponible
2,45,disponible
2,46,disponible
2,47,disponible
2,48,disponible
2,49,disponible
2,50,disponible
3,1,disponible
3,2,disponible
3,3,disponible
3,4,disponible
3,5,disponible
3,6,disponible
3,7,disponible
3,8,disponible
3,9,disponible
3,10,disponible
3,11,disponible
3,12,disponible
3,13,disponible
3,14,disponible
3,15,disponible
3,16,disponible
3,17,disponible
3,18,disponible
3,19,disponible
3,20,disponible
3,21,disponible
3,22,disponible
3,23,disponible
3,24,disponible
3,25,disponible
3,26,disponible
3,27,disponible
3,28,disponible
3,29,disponible
3,30,disponible
3,31,disponible
3,32,disponible
3,33,disponible
3,34,disponible
3,35,disponible
3,36,disponible
3,37,disponible
3,38,disponible
3,39,disponible
3,40,disponible
3,41,disponible
3,42,disponible
3,43,disponible
3,44,disponible
3,45,disponible
3,46,disponible
3,47,disponible
3,48,disponible
3,49,disponible
3,50,disponible
